model,scenario,seed,status,actions,rejected,modelCalls,tokens,wallMs
baseline,forest,11,COMPLETED,13,0,9,,76.4
baseline,shared,11,COMPLETED,16,0,6,,67.04
baseline,competition,11,COMPLETED,17,0,7,,46.0
baseline,information,11,COMPLETED,2,0,2,,8.36
baseline,fault,11,COMPLETED,14,1,10,,33.23
baseline,forest,23,COMPLETED,9,0,7,,12.25
baseline,shared,23,COMPLETED,17,0,7,,25.6
baseline,competition,23,COMPLETED,17,0,7,,26.34
baseline,information,23,COMPLETED,2,0,2,,7.59
baseline,fault,23,COMPLETED,10,1,8,,11.55
baseline,forest,35,COMPLETED,13,0,9,,19.27
baseline,shared,35,COMPLETED,16,0,6,,13.35
baseline,competition,35,COMPLETED,22,0,12,,18.09
baseline,information,35,COMPLETED,2,0,2,,3.46
baseline,fault,35,COMPLETED,14,1,10,,14.61
baseline,forest,47,COMPLETED,13,0,9,,14.84
baseline,shared,47,COMPLETED,16,0,6,,12.2
baseline,competition,47,COMPLETED,17,0,7,,17.24
baseline,information,47,COMPLETED,2,0,2,,5.17
baseline,fault,47,COMPLETED,14,1,10,,15.87
baseline,forest,59,COMPLETED,13,0,9,,16.03
baseline,shared,59,COMPLETED,16,0,6,,16.57
baseline,competition,59,COMPLETED,20,0,10,,20.02
baseline,information,59,COMPLETED,2,0,2,,4.14
baseline,fault,59,COMPLETED,14,1,10,,14.68
baseline,forest,71,COMPLETED,13,0,9,,14.89
baseline,shared,71,COMPLETED,16,0,6,,17.85
baseline,competition,71,COMPLETED,17,0,7,,28.79
baseline,information,71,COMPLETED,2,0,2,,3.75
baseline,fault,71,COMPLETED,14,1,10,,15.63
baseline,forest,83,COMPLETED,13,0,9,,12.52
baseline,shared,83,COMPLETED,17,0,7,,18.59
baseline,competition,83,COMPLETED,17,0,7,,12.28
baseline,information,83,COMPLETED,2,0,2,,3.29
baseline,fault,83,COMPLETED,14,1,10,,11.91
baseline,forest,95,COMPLETED,13,0,9,,10.68
baseline,shared,95,COMPLETED,16,0,6,,11.5
baseline,competition,95,COMPLETED,17,0,7,,11.36
baseline,information,95,COMPLETED,2,0,2,,2.88
baseline,fault,95,COMPLETED,14,1,10,,10.37
baseline,forest,107,COMPLETED,8,0,6,,5.97
baseline,shared,107,COMPLETED,16,0,6,,12.73
baseline,competition,107,COMPLETED,21,0,10,,19.22
baseline,information,107,COMPLETED,2,0,2,,2.61
baseline,fault,107,COMPLETED,9,1,7,,7.25
baseline,forest,119,COMPLETED,12,0,8,,10.8
baseline,shared,119,COMPLETED,16,0,6,,10.32
baseline,competition,119,COMPLETED,17,0,7,,12.41
baseline,information,119,COMPLETED,2,0,2,,2.43
baseline,fault,119,COMPLETED,13,1,9,,9.48
baseline,forest,131,COMPLETED,13,0,9,,11.03
baseline,shared,131,COMPLETED,16,0,6,,9.45
baseline,competition,131,COMPLETED,17,0,7,,9.66
baseline,information,131,COMPLETED,2,0,2,,2.6
baseline,fault,131,COMPLETED,14,1,10,,11.15
baseline,forest,143,COMPLETED,13,0,9,,13.7
baseline,shared,143,COMPLETED,17,0,7,,12.0
baseline,competition,143,COMPLETED,20,0,10,,16.25
baseline,information,143,COMPLETED,2,0,2,,3.43
baseline,fault,143,COMPLETED,14,1,10,,11.8
baseline,forest,155,COMPLETED,13,0,9,,14.44
baseline,shared,155,COMPLETED,16,0,6,,12.05
baseline,competition,155,COMPLETED,17,0,7,,13.08
baseline,information,155,COMPLETED,2,0,2,,3.43
baseline,fault,155,COMPLETED,14,1,10,,14.55
baseline,forest,167,COMPLETED,13,0,9,,10.98
baseline,shared,167,COMPLETED,16,0,6,,13.74
baseline,competition,167,COMPLETED,19,0,8,,15.98
baseline,information,167,COMPLETED,2,0,2,,4.05
baseline,fault,167,COMPLETED,14,1,10,,13.04
baseline,forest,179,COMPLETED,13,0,9,,12.9
baseline,shared,179,COMPLETED,16,0,6,,15.61
baseline,competition,179,COMPLETED,17,0,7,,15.36
baseline,information,179,COMPLETED,2,0,2,,3.62
baseline,fault,179,COMPLETED,14,1,10,,13.18
baseline,forest,191,COMPLETED,13,0,9,,15.11
baseline,shared,191,COMPLETED,16,0,6,,14.76
baseline,competition,191,COMPLETED,18,0,8,,15.65
baseline,information,191,COMPLETED,2,0,2,,4.2
baseline,fault,191,COMPLETED,14,1,10,,10.85
baseline,forest,203,COMPLETED,13,0,9,,8.85
baseline,shared,203,COMPLETED,18,0,7,,13.38
baseline,competition,203,COMPLETED,17,0,7,,15.86
baseline,information,203,COMPLETED,2,0,2,,2.96
baseline,fault,203,COMPLETED,14,1,10,,7.61
baseline,forest,215,COMPLETED,13,0,9,,11.98
baseline,shared,215,COMPLETED,16,0,6,,12.23
baseline,competition,215,COMPLETED,17,0,7,,12.06
baseline,information,215,COMPLETED,2,0,2,,2.41
baseline,fault,215,COMPLETED,14,1,10,,10.46
baseline,forest,227,COMPLETED,12,0,8,,7.99
baseline,shared,227,COMPLETED,16,0,6,,14.08
baseline,competition,227,COMPLETED,20,0,10,,14.49
baseline,information,227,COMPLETED,2,0,2,,2.79
baseline,fault,227,COMPLETED,13,1,9,,8.85
baseline,forest,239,COMPLETED,13,0,9,,7.44
baseline,shared,239,COMPLETED,16,0,6,,12.08
baseline,competition,239,COMPLETED,17,0,7,,12.79
baseline,information,239,COMPLETED,2,0,2,,2.53
baseline,fault,239,COMPLETED,14,1,10,,8.23
gpt-6-luna,forest,11,COMPLETED,14,0,10,29922,16746.3
gpt-6-luna,shared,11,FAILED,63,0,23,32164,30323.48
gpt-6-luna,competition,11,COMPLETED,18,0,7,9590,8979.46
gpt-6-luna,information,11,COMPLETED,2,0,2,1115,3838.25
gpt-6-luna,fault,11,COMPLETED,15,1,11,32863,15728.81
gpt-6-luna,forest,23,COMPLETED,9,0,7,21018,9357.81
gpt-6-luna,shared,23,COMPLETED,18,0,8,10968,9329.09
gpt-6-luna,competition,23,COMPLETED,18,0,8,10959,10480.98
gpt-6-luna,information,23,COMPLETED,2,0,2,1013,2520.48
gpt-6-luna,fault,23,COMPLETED,10,1,8,23962,11508.23
gpt-6-luna,forest,35,COMPLETED,14,0,10,29902,15694.36
gpt-6-luna,shared,35,COMPLETED,18,0,8,10985,9727.63
gpt-6-luna,competition,35,FAILED,67,3,30,43717,38875.19
gpt-6-luna,information,35,COMPLETED,2,0,2,1013,2765.77
gpt-6-luna,fault,35,COMPLETED,15,1,11,32841,16069.19
