scenario,seed,status,worldTurns,providerCalls,tokens,initialFingerprint
forest,11,COMPLETED,13,10,29922,ef65ccb815f30f30c4e1d4ecdce990a2406ecb8029424a338bee2205da117679
shared,11,COMPLETED,22,6,8174,10a294e490a4454289e664bdd82ace526c8e3fb6f8efded3117b91818a317b7a
competition,11,COMPLETED,26,6,8235,2968de56c79d483e4dbf668c11e69892000130135a0b5f812f4d58a1252d4251
information,11,COMPLETED,0,2,1013,0fc91f9dcfe9c8897c66f4487eada4ed62a3331b0bce47edd2a0b2feadd701cf
fault,11,COMPLETED,13,11,32863,ef65ccb815f30f30c4e1d4ecdce990a2406ecb8029424a338bee2205da117679
forest,23,COMPLETED,9,7,21018,57a37fe2ec821bfe988b737c052e5131871f5110076e643a78441dd74eb8fd28
shared,23,COMPLETED,22,6,8219,5785bcbf4d5b913089d2435027c7d912954c46ab68bc75050d9140639d5b2c80
competition,23,COMPLETED,25,7,10322,256f7a54fe74767a64d7f9d081416df8c15c29cac81898b8fa729b0d176b3137
information,23,COMPLETED,0,2,1013,e25a896378d18df738693804e538b4190cf7392c3795a7cb122ec0ddba4550b7
fault,23,COMPLETED,9,8,23962,57a37fe2ec821bfe988b737c052e5131871f5110076e643a78441dd74eb8fd28
forest,35,COMPLETED,13,10,29902,20e2ccf647ee822802622d3aef2a529e4ffef234a87b16177002f81e8e1d5ea6
shared,35,COMPLETED,22,6,8758,1182e20f78001a76e95148e2cf4ad487e72fab9d88aa248a54a0760713ce4751
competition,35,COMPLETED,26,8,11001,941d95b08c5c0a7820d51090481a2024a7cfdfa999ca81fba728c02e1f4cd4d5
information,35,COMPLETED,0,2,1194,59c729349644bdcedf82cfffcd7f383037aedba2a1ff391b452dc0280f544f8b
fault,35,COMPLETED,13,11,32841,20e2ccf647ee822802622d3aef2a529e4ffef234a87b16177002f81e8e1d5ea6
